"Well","plate","dilution_factor","final_conc_ng_ul","mean_con_ng_ul","batch","period","post_id","precage","pre_id","post_idbatch","pre_idbatch","pre_idbatchcage"
"D3",1,100,84.1847538864602,81.1378740131697,"1","Pre","1-1","Cage1","1","1-1Batch1","1 Batch1","1Batch1Cage1"
"D4",1,100,78.0909941398791,81.1378740131697,"1","Pre","1-1","Cage1","1","1-1Batch1","1 Batch1","1Batch1Cage1"
"E3",1,100,66.6326272193081,71.8388019515396,"1","Post","1-1","Cage1","1","1-1Batch1","1 Batch1","1Batch1Cage1"
"E4",1,100,77.0449766837712,71.8388019515396,"1","Post","1-1","Cage1","1","1-1Batch1","1 Batch1","1Batch1Cage1"
"F3",1,100,154.807799033399,178.052370976966,"1","Pre","2-1","Cage2","1","2-1Batch1","1 Batch1","1Batch1Cage2"
"F4",1,100,201.296942920532,178.052370976966,"1","Pre","2-1","Cage2","1","2-1Batch1","1 Batch1","1Batch1Cage2"
"G3",1,100,203.334012490154,219.444441343995,"1","Post","2-1","Cage2","1","2-1Batch1","1 Batch1","1Batch1Cage2"
"G4",1,100,235.554870197835,219.444441343995,"1","Post","2-1","Cage2","1","2-1Batch1","1 Batch1","1Batch1Cage2"
"H3",1,100,124.551397200479,127.636748215402,"10","Pre","3-2","Cage3","2","3-2Batch10","2 Batch10","2Batch10Cage3"
"H4",1,100,130.722099230325,127.636748215402,"10","Pre","3-2","Cage3","2","3-2Batch10","2 Batch10","2Batch10Cage3"
"A5",1,100,339.268143707453,339.268143707453,"10","Post","3-2","Cage3","2","3-2Batch10","2 Batch10","2Batch10Cage3"
"A6",1,100,339.268143707453,339.268143707453,"10","Post","3-2","Cage3","2","3-2Batch10","2 Batch10","2Batch10Cage3"
"B5",1,100,77.0449766837712,72.9403415248427,"10","Pre","1-2","Cage1","2","1-2Batch10","2 Batch10","2Batch10Cage1"
"B6",1,100,68.8357063659141,72.9403415248427,"10","Pre","1-2","Cage1","2","1-2Batch10","2 Batch10","2Batch10Cage1"
"C5",1,100,140.832588340458,134.725106218733,"10","Post","1-2","Cage1","2","1-2Batch10","2 Batch10","2Batch10Cage1"
"C6",1,100,128.617624097008,134.725106218733,"10","Post","1-2","Cage1","2","1-2Batch10","2 Batch10","2Batch10Cage1"
"D5",1,100,53.7257391950601,55.6349295959924,"11","Pre","5-2","Cage5","2","5-2Batch11","2 Batch11","2Batch11Cage5"
"D6",1,100,57.5441199969247,55.6349295959924,"11","Pre","5-2","Cage5","2","5-2Batch11","2 Batch11","2Batch11Cage5"
"E5",1,100,109.981714508778,112.56600060094,"11","Post","5-2","Cage5","2","5-2Batch11","2 Batch11","2Batch11Cage5"
"E6",1,100,115.150286693103,112.56600060094,"11","Post","5-2","Cage5","2","5-2Batch11","2 Batch11","2Batch11Cage5"
"F5",1,100,35.3838634338633,35.1740845192004,"11","Pre","5-3","Cage5","3","5-3Batch11","3 Batch11","3Batch11Cage5"
"F6",1,100,34.9643056045374,35.1740845192004,"11","Pre","5-3","Cage5","3","5-3Batch11","3 Batch11","3Batch11Cage5"
"G5",1,100,86.5541589710884,81.7995678274298,"11","Post","5-3","Cage5","3","5-3Batch11","3 Batch11","3Batch11Cage5"
"G6",1,100,77.0449766837712,81.7995678274298,"11","Post","5-3","Cage5","3","5-3Batch11","3 Batch11","3Batch11Cage5"
"H5",1,100,92.876389077491,92.2201569392967,"12","Pre","1-3","Cage1","3","1-3Batch12","3 Batch12","3Batch12Cage1"
"H6",1,100,91.5639248011023,92.2201569392967,"12","Pre","1-3","Cage1","3","1-3Batch12","3 Batch12","3Batch12Cage1"
"A7",1,100,177.419183330408,168.196115507627,"12","Post","1-3","Cage1","3","1-3Batch12","3 Batch12","3Batch12Cage1"
"A8",1,100,158.973047684846,168.196115507627,"12","Post","1-3","Cage1","3","1-3Batch12","3 Batch12","3Batch12Cage1"
"B7",1,100,120.665437886258,112.121577922023,"12","Pre","4-3","Cage4","3","4-3Batch12","3 Batch12","3Batch12Cage4"
"B8",1,100,103.577717957787,112.121577922023,"12","Pre","4-3","Cage4","3","4-3Batch12","3 Batch12","3Batch12Cage4"
"C7",1,100,260.69671201221,243.139250328742,"12","Post","4-3","Cage4","3","4-3Batch12","3 Batch12","3Batch12Cage4"
"C8",1,100,225.581788645273,243.139250328742,"12","Post","4-3","Cage4","3","4-3Batch12","3 Batch12","3Batch12Cage4"
"D7",1,100,254.755312141221,231.129842787998,"13","Pre","2-2","Cage2","2","2-2Batch13","2 Batch13","2Batch13Cage2"
"D8",1,100,207.504373434775,231.129842787998,"13","Pre","2-2","Cage2","2","2-2Batch13","2 Batch13","2Batch13Cage2"
"E7",1,100,163.306511855957,167.118260548578,"13","Post","2-2","Cage2","2","2-2Batch13","2 Batch13","2Batch13Cage2"
"E8",1,100,170.9300092412,167.118260548578,"13","Post","2-2","Cage2","2","2-2Batch13","2 Batch13","2Batch13Cage2"
"F7",1,100,50.1995736103189,50.3542278335573,"13","Pre","1-2","Cage1","2","1-2Batch13","2 Batch13","2Batch13Cage1"
"F8",1,100,50.5088820567957,50.3542278335573,"13","Pre","1-2","Cage1","2","1-2Batch13","2 Batch13","2Batch13Cage1"
"G7",1,100,79.1553636224839,82.5545162711961,"13","Post","1-2","Cage1","2","1-2Batch13","2 Batch13","2Batch13Cage1"
"G8",1,100,85.9536689199082,82.5545162711961,"13","Post","1-2","Cage1","2","1-2Batch13","2 Batch13","2Batch13Cage1"
"H7",1,100,86.5541589710884,81.0317772631485,"14","Pre","5-4","Cage5","4","5-4Batch14","4 Batch14","4Batch14Cage5"
"H8",1,100,75.5093955552087,81.0317772631485,"14","Pre","5-4","Cage5","4","5-4Batch14","4 Batch14","4Batch14Cage5"
"A9",1,100,87.7718434863067,88.080514003309,"14","Post","5-4","Cage5","4","5-4Batch14","4 Batch14","4Batch14Cage5"
"A10",1,100,88.3891845203112,88.080514003309,"14","Post","5-4","Cage5","4","5-4Batch14","4 Batch14","4Batch14Cage5"
"B9",1,100,69.2871482183359,72.9079296177076,"14","Pre","5-1","Cage5","1","5-1Batch14","1 Batch14","1Batch14Cage5"
"B10",1,100,76.5287110170792,72.9079296177076,"14","Pre","5-1","Cage5","1","5-1Batch14","1 Batch14","1Batch14Cage5"
"C9",1,100,146.9458187714,141.575163273998,"14","Post","5-1","Cage5","1","5-1Batch14","1 Batch14","1Batch14Cage5"
"C10",1,100,136.204507776596,141.575163273998,"14","Post","5-1","Cage5","1","5-1Batch14","1 Batch14","1Batch14Cage5"
"D9",1,100,79.1553636224839,75.1428843572082,"2","Pre","2-2","Cage2","2","2-2Batch2","2 Batch2","2Batch2Cage2"
"D10",1,100,71.1304050919324,75.1428843572082,"2","Pre","2-2","Cage2","2","2-2Batch2","2 Batch2","2Batch2Cage2"
"E9",1,100,69.2871482183359,63.7797764664114,"2","Post","2-2","Cage2","2","2-2Batch2","2 Batch2","2Batch2Cage2"
"E10",1,100,58.2724047144869,63.7797764664114,"2","Post","2-2","Cage2","2","2-2Batch2","2 Batch2","2Batch2Cage2"
"F9",1,100,46.3680635719289,50.7233860510606,"2","Pre","3-4","Cage3","4","3-4Batch2","4 Batch2","4Batch2Cage3"
"F10",1,100,55.0787085301923,50.7233860510606,"2","Pre","3-4","Cage3","4","3-4Batch2","4 Batch2","4Batch2Cage3"
"G9",1,100,51.4499997626938,56.3740843036573,"2","Post","3-4","Cage3","4","3-4Batch2","4 Batch2","4Batch2Cage3"
"G10",1,100,61.2981688446209,56.3740843036573,"2","Post","3-4","Cage3","4","3-4Batch2","4 Batch2","4Batch2Cage3"
"H9",1,100,117.862508244114,115.193578839749,"3","Pre","1-3","Cage1","3","1-3Batch3","3 Batch3","3Batch3Cage1"
"H10",1,100,112.524649435385,115.193578839749,"3","Pre","1-3","Cage1","3","1-3Batch3","3 Batch3","3Batch3Cage1"
"A11",1,100,47.5106882355602,50.6182137153102,"3","Post","1-3","Cage1","3","1-3Batch3","3 Batch3","3Batch3Cage1"
"A12",1,100,53.7257391950601,50.6182137153102,"3","Post","1-3","Cage1","3","1-3Batch3","3 Batch3","3Batch3Cage1"
"B11",1,100,34.3444337447019,33.2545342406921,"3","Pre","1-2","Cage1","2","1-2Batch3","2 Batch3","2Batch3Cage1"
"B12",1,100,32.1646347366822,33.2545342406921,"3","Pre","1-2","Cage1","2","1-2Batch3","2 Batch3","2Batch3Cage1"
"C11",1,100,59.0117143668002,55.7115397470245,"3","Post","1-2","Cage1","2","1-2Batch3","2 Batch3","2Batch3Cage1"
"C12",1,100,52.4113651272488,55.7115397470245,"3","Post","1-2","Cage1","2","1-2Batch3","2 Batch3","2Batch3Cage1"
"D11",1,100,93.5420739446408,103.466279864663,"4","Pre","2-4","Cage2","4","2-4Batch4","4 Batch4","4Batch4Cage2"
"D12",1,100,113.390485784685,103.466279864663,"4","Pre","2-4","Cage2","4","2-4Batch4","4 Batch4","4Batch4Cage2"
"E11",1,100,180.803736245347,169.888391965096,"4","Post","2-4","Cage2","4","2-4Batch4","4 Batch4","4Batch4Cage2"
"E12",1,100,158.973047684846,169.888391965096,"4","Post","2-4","Cage2","4","2-4Batch4","4 Batch4","4Batch4Cage2"
"F11",1,100,211.807935899174,202.630628419493,"4","Pre","5-2","Cage5","2","5-2Batch4","2 Batch4","2Batch4Cage5"
"F12",1,100,193.453320939812,202.630628419493,"4","Pre","5-2","Cage5","2","5-2Batch4","2 Batch4","2Batch4Cage5"
"G11",1,100,214.011590834953,238.179680818244,"4","Post","5-2","Cage5","2","5-2Batch4","2 Batch4","2Batch4Cage5"
"G12",1,100,246.235710812674,238.179680818244,"4","Post","5-2","Cage5","2","5-2Batch4","2 Batch4","2Batch4Cage5"
"H11",1,100,246.235710812674,238.179680818244,"4","Post","5-2","Cage5","2","5-2Batch4","2 Batch4","2Batch4Cage5"
"H12",1,100,246.235710812674,238.179680818244,"4","Post","5-2","Cage5","2","5-2Batch4","2 Batch4","2Batch4Cage5"
"D3",2,100,100.891278967526,111.769936089707,"9","Pre","3-1","Cage3","1","3-1Batch9","1 Batch9","1Batch9Cage3"
"D4",2,100,122.648593211888,111.769936089707,"9","Pre","3-1","Cage3","1","3-1Batch9","1 Batch9","1Batch9Cage3"
"E3",2,100,289.345754429032,311.198653061814,"9","Post","3-1","Cage3","1","3-1Batch9","1 Batch9","1Batch9Cage3"
"E4",2,100,333.051551694597,311.198653061814,"9","Post","3-1","Cage3","1","3-1Batch9","1 Batch9","1Batch9Cage3"
"F3",2,100,38.6114706992794,41.1896015383956,"9","Pre","4-1","Cage4","1","4-1Batch9","1 Batch9","1Batch9Cage4"
"F4",2,100,43.7677323775118,41.1896015383956,"9","Pre","4-1","Cage4","1","4-1Batch9","1 Batch9","1Batch9Cage4"
"G3",2,100,223.686761065898,211.12109488497,"9","Post","4-1","Cage4","1","4-1Batch9","1 Batch9","1Batch9Cage4"
"G4",2,100,198.555428704041,211.12109488497,"9","Post","4-1","Cage4","1","4-1Batch9","1 Batch9","1Batch9Cage4"
"H3",2,100,86.2608722474428,91.3103794344965,"8","Pre","2-4","Cage2","4","2-4Batch8","4 Batch8","4Batch8Cage2"
"H4",2,100,96.3598866215501,91.3103794344965,"8","Pre","2-4","Cage2","4","2-4Batch8","4 Batch8","4Batch8Cage2"
"A5",2,100,149.698766560072,154.21837931401,"8","Post","2-4","Cage2","4","2-4Batch8","4 Batch8","4Batch8Cage2"
"A6",2,100,158.737992067949,154.21837931401,"8","Post","2-4","Cage2","4","2-4Batch8","4 Batch8","4Batch8Cage2"
"B5",2,100,144.120090945226,133.913414431336,"8","Pre","3-4","Cage3","4","3-4Batch8","4 Batch8","4Batch8Cage3"
"B6",2,100,123.706737917447,133.913414431336,"8","Pre","3-4","Cage3","4","3-4Batch8","4 Batch8","4Batch8Cage3"
"C5",2,100,196.301555900028,194.110094710067,"8","Post","3-4","Cage3","4","3-4Batch8","4 Batch8","4Batch8Cage3"
"C6",2,100,191.918633520105,194.110094710067,"8","Post","3-4","Cage3","4","3-4Batch8","4 Batch8","4Batch8Cage3"
"D5",2,100,111.872249990232,122.888093440752,"7","Pre","5-2","Cage5","2","5-2Batch7","2 Batch7","2Batch7Cage5"
"D6",2,100,133.903936891271,122.888093440752,"7","Pre","5-2","Cage5","2","5-2Batch7","2 Batch7","2Batch7Cage5"
"E5",2,100,160.329630731182,172.984731820729,"7","Post","5-2","Cage5","2","5-2Batch7","2 Batch7","2Batch7Cage5"
"E6",2,100,185.639832910276,172.984731820729,"7","Post","5-2","Cage5","2","5-2Batch7","2 Batch7","2Batch7Cage5"
"F5",2,100,30.5726073227821,31.528034244625,"7","Pre","4-2","Cage4","2","4-2Batch7","2 Batch7","2Batch7Cage4"
"F6",2,100,32.483461166468,31.528034244625,"7","Pre","4-2","Cage4","2","4-2Batch7","2 Batch7","2Batch7Cage4"
"G5",2,100,258.151772461112,269.557178397448,"7","Post","4-2","Cage4","2","4-2Batch7","2 Batch7","2Batch7Cage4"
"G6",2,100,280.962584333783,269.557178397448,"7","Post","4-2","Cage4","2","4-2Batch7","2 Batch7","2Batch7Cage4"
"H5",2,100,43.7677323775118,47.9891481607292,"6","Pre","2-1","Cage2","1","2-1Batch6","1 Batch6","1Batch6Cage2"
"H6",2,100,52.2105639439466,47.9891481607292,"6","Pre","2-1","Cage2","1","2-1Batch6","1 Batch6","1Batch6Cage2"
"A7",2,100,94.2063516406397,87.2825689543017,"6","Post","2-1","Cage2","1","2-1Batch6","1 Batch6","1Batch6Cage2"
"A8",2,100,80.3587862679636,87.2825689543017,"6","Post","2-1","Cage2","1","2-1Batch6","1 Batch6","1Batch6Cage2"
"B7",2,100,136.348526131738,125.505753644147,"6","Pre","1-4","Cage1","4","1-4Batch6","4 Batch6","4Batch6Cage1"
"B8",2,100,114.662981156556,125.505753644147,"6","Pre","1-4","Cage1","4","1-4Batch6","4 Batch6","4Batch6Cage1"
"C7",2,100,24.9583592340145,24.2273088025016,"6","Post","1-4","Cage1","4","1-4Batch6","4 Batch6","4Batch6Cage1"
"C8",2,100,23.4962583709887,24.2273088025016,"6","Post","1-4","Cage1","4","1-4Batch6","4 Batch6","4Batch6Cage1"
"D7",2,100,33.5797411895451,37.2204812598304,"5","Pre","1-3","Cage1","3","1-3Batch5","3 Batch5","3Batch5Cage1"
"D8",2,100,40.8612213301157,37.2204812598304,"5","Pre","1-3","Cage1","3","1-3Batch5","3 Batch5","3Batch5Cage1"
"E7",2,100,312.305467487569,296.634025910676,"5","Post","1-3","Cage1","3","1-3Batch5","3 Batch5","3Batch5Cage1"
"E8",2,100,280.962584333783,296.634025910676,"5","Post","1-3","Cage1","3","1-3Batch5","3 Batch5","3Batch5Cage1"
"F7",2,100,92.1228594284735,99.35709572001,"5","Pre","1-4","Cage1","4","1-4Batch5","4 Batch5","4Batch5Cage1"
"F8",2,100,106.591332011546,99.35709572001,"5","Pre","1-4","Cage1","4","1-4Batch5","4 Batch5","4Batch5Cage1"
"G7",2,100,93.5042376943216,99.626057724584,"5","Post","1-4","Cage1","4","1-4Batch5","4 Batch5","4Batch5Cage1"
"G8",2,100,105.747877754846,99.626057724584,"5","Post","1-4","Cage1","4","1-4Batch5","4 Batch5","4Batch5Cage1"
"H7",2,100,151.147262986627,163.52207932221,"4","Pre","3-2","Cage3","2","3-2Batch4","2 Batch4","2Batch4Cage3"
"H8",2,100,175.896895657793,163.52207932221,"4","Pre","3-2","Cage3","2","3-2Batch4","2 Batch4","2Batch4Cage3"
"A9",2,100,102.472368127729,111.014492252825,"4","Post","3-2","Cage3","2","3-2Batch4","2 Batch4","2Batch4Cage3"
"A10",2,100,119.556616377922,111.014492252825,"4","Post","3-2","Cage3","2","3-2Batch4","2 Batch4","2Batch4Cage3"
"B9",2,100,73.0159941683297,75.858266660179,"4","Pre","4-1","Cage4","1","4-1Batch4","1 Batch4","1Batch4Cage4"
"B10",2,100,78.7005391520283,75.858266660179,"4","Pre","4-1","Cage4","1","4-1Batch4","1 Batch4","1Batch4Cage4"
"C9",2,100,78.1585539221352,71.9378705562293,"4","Post","4-1","Cage4","1","4-1Batch4","1 Batch4","1Batch4Cage4"
"C10",2,100,65.7171871903233,71.9378705562293,"4","Post","4-1","Cage4","1","4-1Batch4","1 Batch4","1Batch4Cage4"
"D9",2,100,79.8005779211434,86.3051793093466,"3","Pre","2-3","Cage2","3","2-3Batch3","3 Batch3","3Batch3Cage2"
"D10",2,100,92.8097806975498,86.3051793093466,"3","Pre","2-3","Cage2","3","2-3Batch3","3 Batch3","3Batch3Cage2"
"E9",2,100,52.842943252382,52.2153536898377,"3","Post","2-3","Cage2","3","2-3Batch3","3 Batch3","3Batch3Cage2"
"E10",2,100,51.5877641272934,52.2153536898377,"3","Post","2-3","Cage2","3","2-3Batch3","3 Batch3","3Batch3Cage2"
"F9",2,100,145.483408661953,145.483408661953,"3","Pre","2-1","Cage2","1","2-1Batch3","1 Batch3","1Batch3Cage2"
"F10",2,100,145.483408661953,145.483408661953,"3","Pre","2-1","Cage2","1","2-1Batch3","1 Batch3","1Batch3Cage2"
"G9",2,100,60.1193036441226,62.4975665383507,"3","Post","2-1","Cage2","1","2-1Batch3","1 Batch3","1Batch3Cage2"
"G10",2,100,64.8758294325787,62.4975665383507,"3","Post","2-1","Cage2","1","2-1Batch3","1 Batch3","1Batch3Cage2"
"H9",2,100,59.744144663987,63.8152349852881,"14","Pre","1-1","Cage1","1","1-1Batch14","1 Batch14","1Batch14Cage1"
"H10",2,100,67.8863253065893,63.8152349852881,"14","Pre","1-1","Cage1","1","1-1Batch14","1 Batch14","1Batch14Cage1"
"A11",2,100,61.2636530501499,65.4780896941236,"14","Post","1-1","Cage1","1","1-1Batch14","1 Batch14","1Batch14Cage1"
"A12",2,100,69.6925263380973,65.4780896941236,"14","Post","1-1","Cage1","1","1-1Batch14","1 Batch14","1Batch14Cage1"
"B11",2,100,63.6408016979035,60.2458297504098,"14","Pre","2-2","Cage2","2","2-2Batch14","2 Batch14","2Batch14Cage2"
"B12",2,100,56.850857802916,60.2458297504098,"14","Pre","2-2","Cage2","2","2-2Batch14","2 Batch14","2Batch14Cage2"
"C11",2,100,138.864017274698,142.865668118802,"14","Post","2-2","Cage2","2","2-2Batch14","2 Batch14","2Batch14Cage2"
"C12",2,100,146.867318962905,142.865668118802,"14","Post","2-2","Cage2","2","2-2Batch14","2 Batch14","2Batch14Cage2"
"D11",2,100,25.5115908884849,28.211246703271,"13","Pre","3-4","Cage3","4","3-4Batch13","4 Batch13","4Batch13Cage3"
"D12",2,100,30.9109025180571,28.211246703271,"13","Pre","3-4","Cage3","4","3-4Batch13","4 Batch13","4Batch13Cage3"
"E11",2,100,356.321496972633,359.454229288908,"13","Post","3-4","Cage3","4","3-4Batch13","4 Batch13","4Batch13Cage3"
"E12",2,100,362.586961605183,359.454229288908,"13","Post","3-4","Cage3","4","3-4Batch13","4 Batch13","4Batch13Cage3"
"F11",2,100,43.7677323775118,47.0689040649763,"13","Pre","1-4","Cage1","4","1-4Batch13","4 Batch13","4Batch13Cage1"
"F12",2,100,50.3700757524407,47.0689040649763,"13","Pre","1-4","Cage1","4","1-4Batch13","4 Batch13","4Batch13Cage1"
"G11",2,100,140.149298216486,149.443645142217,"13","Post","1-4","Cage1","4","1-4Batch13","4 Batch13","4Batch13Cage1"
"G12",2,100,158.737992067949,149.443645142217,"13","Post","1-4","Cage1","4","1-4Batch13","4 Batch13","4Batch13Cage1"
"D3",3,100,29.7425222883532,28.0422230870598,"12","Pre","3-4","Cage3","4","3-4Batch12","4 Batch12","4Batch12Cage3"
"D4",3,100,26.3419238857664,28.0422230870598,"12","Pre","3-4","Cage3","4","3-4Batch12","4 Batch12","4Batch12Cage3"
"E3",3,100,91.8998843282773,89.6988503150503,"12","Post","3-4","Cage3","4","3-4Batch12","4 Batch12","4Batch12Cage3"
"E4",3,100,87.4978163018232,89.6988503150503,"12","Post","3-4","Cage3","4","3-4Batch12","4 Batch12","4Batch12Cage3"
"F3",3,100,78.5832021693113,82.4418384737858,"12","Pre","3-1","Cage3","1","3-1Batch12","1 Batch12","1Batch12Cage3"
"F4",3,100,86.3004747782602,82.4418384737858,"12","Pre","3-1","Cage3","1","3-1Batch12","1 Batch12","1Batch12Cage3"
"G3",3,100,80.6768862124141,76.7234682503427,"12","Post","3-1","Cage3","1","3-1Batch12","1 Batch12","1Batch12Cage3"
"G4",3,100,72.7700502882712,76.7234682503427,"12","Post","3-1","Cage3","1","3-1Batch12","1 Batch12","1Batch12Cage3"
"H3",3,100,101.066347775765,94.8937996494673,"11","Pre","1-4","Cage1","4","1-4Batch11","4 Batch11","4Batch11Cage1"
"H4",3,100,88.7212515231693,94.8937996494673,"11","Pre","1-4","Cage1","4","1-4Batch11","4 Batch11","4Batch11Cage1"
"A5",3,100,187.729483224121,171.821962349397,"11","Post","1-4","Cage1","4","1-4Batch11","4 Batch11","4Batch11Cage1"
"A6",3,100,155.914441474673,171.821962349397,"11","Post","1-4","Cage1","4","1-4Batch11","4 Batch11","4Batch11Cage1"
"B5",3,100,57.9855693898031,53.404706136239,"11","Pre","2-3","Cage2","3","2-3Batch11","3 Batch11","3Batch11Cage2"
"B6",3,100,48.8238428826749,53.404706136239,"11","Pre","2-3","Cage2","3","2-3Batch11","3 Batch11","3Batch11Cage2"
"C5",3,100,227.217180661761,245.214919056076,"11","Post","2-3","Cage2","3","2-3Batch11","3 Batch11","3Batch11Cage2"
"C6",3,100,263.212657450391,245.214919056076,"11","Post","2-3","Cage2","3","2-3Batch11","3 Batch11","3Batch11Cage2"
"D5",3,100,50.1662710880652,48.4679201932956,"10","Pre","5-3","Cage5","3","5-3Batch10","3 Batch10","3Batch10Cage5"
"D6",3,100,46.7695692985261,48.4679201932956,"10","Pre","5-3","Cage5","3","5-3Batch10","3 Batch10","3Batch10Cage5"
"E5",3,100,398.340060318546,413.059060773447,"10","Post","5-3","Cage5","3","5-3Batch10","3 Batch10","3Batch10Cage5"
"E6",3,100,427.778061228347,413.059060773447,"10","Post","5-3","Cage5","3","5-3Batch10","3 Batch10","3Batch10Cage5"
"F5",3,100,82.8567590372622,83.9925713773192,"10","Pre","3-3","Cage3","3","3-3Batch10","3 Batch10","3Batch10Cage3"
"F6",3,100,85.1283837173762,83.9925713773192,"10","Pre","3-3","Cage3","3","3-3Batch10","3 Batch10","3Batch10Cage3"
"G5",3,100,474.356233251439,503.232724218499,"10","Post","3-3","Cage3","3","3-3Batch10","3 Batch10","3Batch10Cage3"
"G6",3,100,532.109215185559,503.232724218499,"10","Post","3-3","Cage3","3","3-3Batch10","3 Batch10","3Batch10Cage3"
"H5",3,100,74.1616681369263,68.8995060869166,"9","Pre","2-3","Cage2","3","2-3Batch9","3 Batch9","3Batch9Cage2"
"H6",3,100,63.637344036907,68.8995060869166,"9","Pre","2-3","Cage2","3","2-3Batch9","3 Batch9","3Batch9Cage2"
"A7",3,100,73.2295948300685,70.8141031940734,"9","Post","2-3","Cage2","3","2-3Batch9","3 Batch9","3Batch9Cage2"
"A8",3,100,68.3986115580784,70.8141031940734,"9","Post","2-3","Cage2","3","2-3Batch9","3 Batch9","3Batch9Cage2"
"B7",3,100,59.3311873594284,56.164500950943,"9","Pre","2-2","Cage2","2","2-2Batch9","2 Batch9","2Batch9Cage2"
"B8",3,100,52.9978145424575,56.164500950943,"9","Pre","2-2","Cage2","2","2-2Batch9","2 Batch9","2Batch9Cage2"
"C7",3,100,103.391265409022,112.407257272448,"9","Post","2-2","Cage2","2","2-2Batch9","2 Batch9","2Batch9Cage2"
"C8",3,100,121.423249135873,112.407257272448,"9","Post","2-2","Cage2","2","2-2Batch9","2 Batch9","2Batch9Cage2"
"D7",3,100,40.7904712910127,42.223220387857,"8","Pre","4-1","Cage4","1","4-1Batch8","1 Batch8","1Batch8Cage4"
"D8",3,100,43.6559694847012,42.223220387857,"8","Pre","4-1","Cage4","1","4-1Batch8","1 Batch8","1Batch8Cage4"
"E7",3,100,199.402935548079,207.341313043477,"8","Post","4-1","Cage4","1","4-1Batch8","1 Batch8","1Batch8Cage4"
"E8",3,100,215.279690538874,207.341313043477,"8","Post","4-1","Cage4","1","4-1Batch8","1 Batch8","1Batch8Cage4"
"F7",3,100,145.470647963075,136.117651194672,"8","Pre","2-2","Cage2","2","2-2Batch8","2 Batch8","2Batch8Cage2"
"F8",3,100,126.764654426269,136.117651194672,"8","Pre","2-2","Cage2","2","2-2Batch8","2 Batch8","2Batch8Cage2"
"G7",3,100,336.226016021246,329.876616791225,"8","Post","2-2","Cage2","2","2-2Batch8","2 Batch8","2Batch8Cage2"
"G8",3,100,323.527217561204,329.876616791225,"8","Post","2-2","Cage2","2","2-2Batch8","2 Batch8","2Batch8Cage2"
"H7",3,100,67.5703431088636,72.3183742727315,"7","Pre","3-4","Cage3","4","3-4Batch7","4 Batch7","4Batch7Cage3"
"H8",3,100,77.0664054365995,72.3183742727315,"7","Pre","3-4","Cage3","4","3-4Batch7","4 Batch7","4Batch7Cage3"
"A9",3,100,173.333287801662,186.368111674871,"7","Post","3-4","Cage3","4","3-4Batch7","4 Batch7","4Batch7Cage3"
"A10",3,100,199.402935548079,186.368111674871,"7","Post","3-4","Cage3","4","3-4Batch7","4 Batch7","4Batch7Cage3"
"B9",3,100,39.5432884071136,40.3798463340765,"7","Pre","4-1","Cage4","1","4-1Batch7","1 Batch7","1Batch7Cage4"
"B10",3,100,41.2164042610394,40.3798463340765,"7","Pre","4-1","Cage4","1","4-1Batch7","1 Batch7","1Batch7Cage4"
"C9",3,100,167.756806108147,171.511603300494,"7","Post","4-1","Cage4","1","4-1Batch7","1 Batch7","1Batch7Cage4"
"C10",3,100,175.26640049284,171.511603300494,"7","Post","4-1","Cage4","1","4-1Batch7","1 Batch7","1Batch7Cage4"
"D9",3,100,32.7399056030585,34.8643152334486,"2","Pre","2-1","Cage2","1","2-1Batch2","1 Batch2","1Batch2Cage2"
"D10",3,100,36.9887248638388,34.8643152334486,"2","Pre","2-1","Cage2","1","2-1Batch2","1 Batch2","1Batch2Cage2"
"E9",3,100,88.1062180292464,95.7487417191344,"2","Post","2-1","Cage2","1","2-1Batch2","1 Batch2","1Batch2Cage2"
"E10",3,100,103.391265409022,95.7487417191344,"2","Post","2-1","Cage2","1","2-1Batch2","1 Batch2","1Batch2Cage2"
"F9",3,100,212.474756135436,228.226705192036,"2","Pre","5-1","Cage5","1","5-1Batch2","1 Batch2","1Batch2Cage5"
"F10",3,100,243.978654248636,228.226705192036,"2","Pre","5-1","Cage5","1","5-1Batch2","1 Batch2","1Batch2Cage5"
"G9",3,100,86.3004747782602,86.0058994918857,"2","Post","5-1","Cage5","1","5-1Batch2","1 Batch2","1Batch2Cage5"
"G10",3,100,85.7113242055112,86.0058994918857,"2","Post","5-1","Cage5","1","5-1Batch2","1 Batch2","1Batch2Cage5"
"H9",3,100,66.3547906462627,70.9739912066382,"14","Pre","1-2","Cage1","2","1-2Batch14","2 Batch14","2Batch14Cage1"
"H10",3,100,75.5931917670137,70.9739912066382,"14","Pre","1-2","Cage1","2","1-2Batch14","2 Batch14","2Batch14Cage1"
"A11",3,100,487.600715361039,452.552545730483,"14","Post","1-2","Cage1","2","1-2Batch14","2 Batch14","2Batch14Cage1"
"A12",3,100,417.504376099928,452.552545730483,"14","Post","1-2","Cage1","2","1-2Batch14","2 Batch14","2Batch14Cage1"
"B11",3,100,69.2416584303299,71.7016632836281,"14","Pre","4-2","Cage4","2","4-2Batch14","2 Batch14","2Batch14Cage4"
"B12",3,100,74.1616681369263,71.7016632836281,"14","Pre","4-2","Cage4","2","4-2Batch14","2 Batch14","2Batch14Cage4"
"C11",3,100,154.343031404809,149.906839683942,"14","Post","4-2","Cage4","2","4-2Batch14","2 Batch14","2Batch14Cage4"
"C12",3,100,145.470647963075,149.906839683942,"14","Post","4-2","Cage4","2","4-2Batch14","2 Batch14","2Batch14Cage4"
"D11",3,100,171.43805727395,158.454352618513,"5","Pre","3-4","Cage3","4","3-4Batch5","4 Batch5","4Batch5Cage3"
"D12",3,100,145.470647963075,158.454352618513,"5","Pre","3-4","Cage3","4","3-4Batch5","4 Batch5","4Batch5Cage3"
"E11",3,100,151.28246820584,165.266727547779,"5","Post","3-4","Cage3","4","3-4Batch5","4 Batch5","4Batch5Cage3"
"E12",3,100,179.250986889719,165.266727547779,"5","Post","3-4","Cage3","4","3-4Batch5","4 Batch5","4Batch5Cage3"
"F11",3,100,189.96335053585,195.930493087638,"5","Pre","5-4","Cage5","4","5-4Batch5","4 Batch5","4Batch5Cage5"
"F12",3,100,201.897635639426,195.930493087638,"5","Pre","5-4","Cage5","4","5-4Batch5","4 Batch5","4Batch5Cage5"
"G11",3,100,118.397773444839,128.565623321335,"5","Post","5-4","Cage5","4","5-4Batch5","4 Batch5","4Batch5Cage5"
"G12",3,100,138.73347319783,128.565623321335,"5","Post","5-4","Cage5","4","5-4Batch5","4 Batch5","4Batch5Cage5"
"D3",4,100,154.234925051249,171.132394728836,"9","Pre","3-4","Cage3","4","3-4Batch9","4 Batch9","4Batch9Cage3"
"D4",4,100,188.029864406424,171.132394728836,"9","Pre","3-4","Cage3","4","3-4Batch9","4 Batch9","4Batch9Cage3"
"E3",4,100,350.198695413755,340.627515661503,"9","Post","3-4","Cage3","4","3-4Batch9","4 Batch9","4Batch9Cage3"
"E4",4,100,331.056335909252,340.627515661503,"9","Post","3-4","Cage3","4","3-4Batch9","4 Batch9","4Batch9Cage3"
"F3",4,100,87.2444186357508,94.1218352225281,"9","Pre","1-3","Cage1","3","1-3Batch9","3 Batch9","3Batch9Cage1"
"F4",4,100,100.999251809305,94.1218352225281,"9","Pre","1-3","Cage1","3","1-3Batch9","3 Batch9","3Batch9Cage1"
"G3",4,100,319.328047063204,345.402984352532,"9","Post","1-3","Cage1","3","1-3Batch9","3 Batch9","3Batch9Cage1"
"G4",4,100,371.477921641859,345.402984352532,"9","Post","1-3","Cage1","3","1-3Batch9","3 Batch9","3Batch9Cage1"
"H3",4,100,74.5037208517926,69.5798707103949,"6","Pre","2-2","Cage2","2","2-2Batch6","2 Batch6","2Batch6Cage2"
"H4",4,100,64.6560205689972,69.5798707103949,"6","Pre","2-2","Cage2","2","2-2Batch6","2 Batch6","2Batch6Cage2"
"A5",4,100,85.3295558215119,79.4046628782662,"6","Post","2-2","Cage2","2","2-2Batch6","2 Batch6","2Batch6Cage2"
"A6",4,100,73.4797699350205,79.4046628782662,"6","Post","2-2","Cage2","2","2-2Batch6","2 Batch6","2Batch6Cage2"
"B5",4,100,112.405881340693,107.936922591556,"6","Pre","1-1","Cage1","1","1-1Batch6","1 Batch6","1Batch6Cage1"
"B6",4,100,103.467963842419,107.936922591556,"6","Pre","1-1","Cage1","1","1-1Batch6","1 Batch6","1Batch6Cage1"
"C5",4,100,160.813030578011,152.279397029005,"6","Post","1-1","Cage1","1","1-1Batch6","1 Batch6","1Batch6Cage1"
"C6",4,100,143.745763479999,152.279397029005,"6","Post","1-1","Cage1","1","1-1Batch6","1 Batch6","1Batch6Cage1"
"D5",4,100,124.830225469001,128.357068794825,"3","Pre","4-1","Cage4","1","4-1Batch3","1 Batch3","1Batch3Cage4"
"D6",4,100,131.883912120649,128.357068794825,"3","Pre","4-1","Cage4","1","4-1Batch3","1 Batch3","1Batch3Cage4"
"E5",4,100,39.7523068963511,36.6584083681459,"3","Post","4-1","Cage4","1","4-1Batch3","1 Batch3","1Batch3Cage4"
"E6",4,100,33.5645098399408,36.6584083681459,"3","Post","4-1","Cage4","1","4-1Batch3","1 Batch3","1Batch3Cage4"
"F5",4,100,71.9804108817486,76.5367469400871,"3","Pre","4-2","Cage4","2","4-2Batch3","2 Batch3","2Batch3Cage4"
"F6",4,100,81.0930829984256,76.5367469400871,"3","Pre","4-2","Cage4","2","4-2Batch3","2 Batch3","2Batch3Cage4"
"G5",4,100,55.0805813256318,54.5693628431953,"3","Post","4-2","Cage4","2","4-2Batch3","2 Batch3","2Batch3Cage4"
"G6",4,100,54.0581443607588,54.5693628431953,"3","Post","4-2","Cage4","2","4-2Batch3","2 Batch3","2Batch3Cage4"
"H5",4,100,441.868319992387,418.570746735536,"2","Pre","4-4","Cage4","4","4-4Batch2","4 Batch2","4Batch2Cage4"
"H6",4,100,395.273173478684,418.570746735536,"2","Pre","4-4","Cage4","4","4-4Batch2","4 Batch2","4Batch2Cage4"
"A7",4,100,52.4066904768307,54.4445681834651,"2","Post","4-4","Cage4","4","4-4Batch2","4 Batch2","4Batch2Cage4"
"A8",4,100,56.4824458900996,54.4445681834651,"2","Post","4-4","Cage4","4","4-4Batch2","4 Batch2","4Batch2Cage4"
"B7",4,100,85.3295558215119,87.9544406529122,"2","Pre","4-3","Cage4","3","4-3Batch2","3 Batch2","3Batch2Cage4"
"B8",4,100,90.5793254843125,87.9544406529122,"2","Pre","4-3","Cage4","3","4-3Batch2","3 Batch2","3Batch2Cage4"
"C7",4,100,119.401564217459,123.840380271607,"2","Post","4-3","Cage4","3","4-3Batch2","3 Batch2","3Batch2Cage4"
"C8",4,100,128.279196325755,123.840380271607,"2","Post","4-3","Cage4","3","4-3Batch2","3 Batch2","3Batch2Cage4"
"D7",4,100,59.4268834776426,65.2156471898141,"14","Pre","3-1","Cage3","1","3-1Batch14","1 Batch14","1Batch14Cage3"
"D8",4,100,71.0044109019855,65.2156471898141,"14","Pre","3-1","Cage3","1","3-1Batch14","1 Batch14","1Batch14Cage3"
"E7",4,100,143.745763479999,154.012951185335,"14","Post","3-1","Cage3","1","3-1Batch14","1 Batch14","1Batch14Cage3"
"E8",4,100,164.280138890672,154.012951185335,"14","Post","3-1","Cage3","1","3-1Batch14","1 Batch14","1Batch14Cage3"
"F7",4,100,104.311451111062,103.473173258605,"14","Pre","3-4","Cage3","4","3-4Batch14","4 Batch14","4Batch14Cage3"
"F8",4,100,102.634895406149,103.473173258605,"14","Pre","3-4","Cage3","4","3-4Batch14","4 Batch14","4Batch14Cage3"
"G7",4,100,204.750908415314,199.823866935203,"14","Post","3-4","Cage3","4","3-4Batch14","4 Batch14","4Batch14Cage3"
"G8",4,100,194.896825455093,199.823866935203,"14","Post","3-4","Cage3","4","3-4Batch14","4 Batch14","4Batch14Cage3"
"H7",4,100,70.0466518311477,74.708374047766,"12","Pre","4-2","Cage4","2","4-2Batch12","2 Batch12","2Batch12Cage4"
"H8",4,100,79.3700962643843,74.708374047766,"12","Pre","4-2","Cage4","2","4-2Batch12","2 Batch12","2Batch12Cage4"
"A9",4,100,143.745763479999,139.062318448956,"12","Post","4-2","Cage4","2","4-2Batch12","2 Batch12","2Batch12Cage4"
"A10",4,100,134.378873417913,139.062318448956,"12","Post","4-2","Cage4","2","4-2Batch12","2 Batch12","2Batch12Cage4"
"B9",4,100,183.678952776166,169.757906403694,"12","Pre","1-2","Cage1","2","1-2Batch12","2 Batch12","2Batch12Cage1"
"B10",4,100,155.836860031221,169.757906403694,"12","Pre","1-2","Cage1","2","1-2Batch12","2 Batch12","2Batch12Cage1"
"C9",4,100,112.405881340693,120.342538833224,"12","Post","1-2","Cage1","2","1-2Batch12","2 Batch12","2Batch12Cage1"
"C10",4,100,128.279196325755,120.342538833224,"12","Post","1-2","Cage1","2","1-2Batch12","2 Batch12","2Batch12Cage1"
"D9",4,100,86.5991917198518,88.2483136853618,"11","Pre","1-3","Cage1","3","1-3Batch11","3 Batch11","3Batch11Cage1"
"D10",4,100,89.8974356508717,88.2483136853618,"11","Pre","1-3","Cage1","3","1-3Batch11","3 Batch11","3Batch11Cage1"
"E9",4,100,475.058965384009,453.405341935043,"11","Post","1-3","Cage1","3","1-3Batch11","3 Batch11","3Batch11Cage1"
"E10",4,100,431.751718486078,453.405341935043,"11","Post","1-3","Cage1","3","1-3Batch11","3 Batch11","3Batch11Cage1"
"F9",4,100,111.459134162534,105.431087039475,"11","Pre","4-4","Cage4","4","4-4Batch11","4 Batch11","4Batch11Cage4"
"F10",4,100,99.4030399164148,105.431087039475,"11","Pre","4-4","Cage4","4","4-4Batch11","4 Batch11","4Batch11Cage4"
"G9",4,100,288.297399588649,303.812723325927,"11","Post","4-4","Cage4","4","4-4Batch11","4 Batch11","4Batch11Cage4"
"G10",4,100,319.328047063204,303.812723325927,"11","Post","4-4","Cage4","4","4-4Batch11","4 Batch11","4Batch11Cage4"
"H9",4,100,83.4754931439768,91.4392665301958,"1","Pre","2-2","Cage2","2","2-2Batch1","2 Batch1","2Batch1Cage2"
"H10",4,100,99.4030399164148,91.4392665301958,"1","Pre","2-2","Cage2","2","2-2Batch1","2 Batch1","2Batch1Cage2"
"A11",4,100,36.411850260003,33.1494729740813,"1","Post","2-2","Cage2","2","2-2Batch1","2 Batch1","2Batch1Cage2"
"A12",4,100,29.8870956881595,33.1494729740813,"1","Post","2-2","Cage2","2","2-2Batch1","2 Batch1","2Batch1Cage2"
"D9",5,100,67.857087404991,71.5823252622959,"13","Pre","5-3","Cage5","3","5-3Batch13","3 Batch13","3Batch13Cage5"
"D10",5,100,75.3075631196008,71.5823252622959,"13","Pre","5-3","Cage5","3","5-3Batch13","3 Batch13","3Batch13Cage5"
"E9",5,100,88.6073594583561,94.3454232000456,"13","Post","5-3","Cage5","3","5-3Batch13","3 Batch13","3Batch13Cage5"
"E10",5,100,100.083486941735,94.3454232000456,"13","Post","5-3","Cage5","3","5-3Batch13","3 Batch13","3Batch13Cage5"
"F9",5,100,21.5121544288081,20.8346845733204,"13","Pre","5-1","Cage5","1","5-1Batch13","1 Batch13","1Batch13Cage5"
"F10",5,100,20.1572147178327,20.8346845733204,"13","Pre","5-1","Cage5","1","5-1Batch13","1 Batch13","1Batch13Cage5"
"G9",5,100,138.783838172649,143.606764359867,"13","Post","5-1","Cage5","1","5-1Batch13","1 Batch13","1Batch13Cage5"
"G10",5,100,148.429690547085,143.606764359867,"13","Post","5-1","Cage5","1","5-1Batch13","1 Batch13","1Batch13Cage5"
"H9",5,100,123.109791908109,115.996784957262,"5","Pre","5-3","Cage5","3","5-3Batch5","3 Batch5","3Batch5Cage5"
"H10",5,100,108.883778006416,115.996784957262,"5","Pre","5-3","Cage5","3","5-3Batch5","3 Batch5","3Batch5Cage5"
"A11",5,100,194.356937564299,193.289706846702,"5","Post","5-3","Cage5","3","5-3Batch5","3 Batch5","3Batch5Cage5"
"A12",5,100,192.222476129106,193.289706846702,"5","Post","5-3","Cage5","3","5-3Batch5","3 Batch5","3Batch5Cage5"
"B11",5,100,101.763336038044,105.32355702223,"5","Pre","2-2","Cage2","2","2-2Batch5","2 Batch5","2Batch5Cage2"
"B12",5,100,108.883778006416,105.32355702223,"5","Pre","2-2","Cage2","2","2-2Batch5","2 Batch5","2Batch5Cage2"
"C11",5,100,76.4564293095108,71.6636350446161,"5","Post","2-2","Cage2","2","2-2Batch5","2 Batch5","2Batch5Cage2"
"C12",5,100,66.8708407797214,71.6636350446161,"5","Post","2-2","Cage2","2","2-2Batch5","2 Batch5","2Batch5Cage2"
"D11",5,100,190.122914611362,197.852696321426,"4","Pre","1-4","Cage1","4","1-4Batch4","4 Batch4","4Batch4Cage1"
"D12",5,100,205.58247803149,197.852696321426,"4","Pre","1-4","Cage1","4","1-4Batch4","4 Batch4","4Batch4Cage1"
"E11",5,100,122.009891713483,117.84876502758,"4","Post","1-4","Cage1","4","1-4Batch4","4 Batch4","4Batch4Cage1"
"E12",5,100,113.687638341676,117.84876502758,"4","Post","1-4","Cage1","4","1-4Batch4","4 Batch4","4Batch4Cage1"
"F11",5,100,64.9520631267009,65.4273563811385,"4","Pre","1-1","Cage1","1","1-1Batch4","1 Batch4","1Batch4Cage1"
"F12",5,100,65.9026496355759,65.4273563811385,"4","Pre","1-1","Cage1","1","1-1Batch4","1 Batch4","1Batch4Cage1"
"G11",5,100,107.956896492575,113.374439722719,"4","Post","1-1","Cage1","1","1-1Batch4","1 Batch4","1Batch4Cage1"
"G12",5,100,118.791982952864,113.374439722719,"4","Post","1-1","Cage1","1","1-1Batch4","1 Batch4","1Batch4Cage1"
"D3",6,100,107.055075186087,108.46790394988,"2","Pre","4-2","Cage4","2","4-2Batch2","2 Batch2","2Batch2Cage4"
"D4",6,100,109.880732713673,108.46790394988,"2","Pre","4-2","Cage4","2","4-2Batch2","2 Batch2","2Batch2Cage4"
"E3",6,100,59.0429033553474,60.9136821280833,"2","Post","4-2","Cage4","2","4-2Batch2","2 Batch2","2Batch2Cage4"
"E4",6,100,62.7844609008191,60.9136821280833,"2","Post","4-2","Cage4","2","4-2Batch2","2 Batch2","2Batch2Cage4"
"F3",6,100,74.9800513822266,78.1838953434748,"11","Pre","2-4","Cage2","4","2-4Batch11","4 Batch11","4Batch11Cage2"
"F4",6,100,81.3877393047231,78.1838953434748,"11","Pre","2-4","Cage2","4","2-4Batch11","4 Batch11","4Batch11Cage2"
"G3",6,100,121.287129954971,128.636463810472,"11","Post","2-4","Cage2","4","2-4Batch11","4 Batch11","4Batch11Cage2"
"G4",6,100,135.985797665972,128.636463810472,"11","Post","2-4","Cage2","4","2-4Batch11","4 Batch11","4Batch11Cage2"
"H3",6,100,58.6451940297666,63.2191842068653,"1","Pre","3-4","Cage3","4","3-4Batch1","4 Batch1","4Batch1Cage3"
"H4",6,100,67.7931743839639,63.2191842068653,"1","Pre","3-4","Cage3","4","3-4Batch1","4 Batch1","4Batch1Cage3"
"A5",6,100,76.091223359895,78.4326253650995,"9","Pre","5-3","Cage5","3","5-3Batch9","3 Batch9","3Batch9Cage5"
"A6",6,100,80.774027370304,78.4326253650995,"9","Pre","5-3","Cage5","3","5-3Batch9","3 Batch9","3Batch9Cage5"
"B5",6,100,442.515929459683,459.13817297277,"9","Post","5-3","Cage5","3","5-3Batch9","3 Batch9","3Batch9Cage5"
"B6",6,100,475.760416485858,459.13817297277,"9","Post","5-3","Cage5","3","5-3Batch9","3 Batch9","3Batch9Cage5"
"C5",6,100,395.720625730787,391.576668227857,"4","Pre","5-1","Cage5","1","5-1Batch4","1 Batch4","1Batch4Cage5"
"C6",6,100,387.432710724927,391.576668227857,"4","Pre","5-1","Cage5","1","5-1Batch4","1 Batch4","1Batch4Cage5"
"D5",6,100,100.036209590021,98.0151576844987,"4","Post","5-1","Cage5","1","5-1Batch4","1 Batch4","1Batch4Cage5"
"D6",6,100,95.9941057789767,98.0151576844987,"4","Post","5-1","Cage5","1","5-1Batch4","1 Batch4","1Batch4Cage5"
"E5",6,100,92.1893302981766,97.8226408710607,"7","Pre","1-1","Cage1","1","1-1Batch7","1 Batch7","1Batch7Cage1"
"E6",6,100,103.455951443945,97.8226408710607,"7","Pre","1-1","Cage1","1","1-1Batch7","1 Batch7","1Batch7Cage1"
"F5",6,100,95.214844347285,94.073572736872,"7","Post","1-1","Cage1","1","1-1Batch7","1 Batch7","1Batch7Cage1"
"F6",6,100,92.9323011264589,94.073572736872,"7","Post","1-1","Cage1","1","1-1Batch7","1 Batch7","1Batch7Cage1"
"G5",6,100,32.2301983114255,33.5791358197995,"12","Pre","4-1","Cage4","1","4-1Batch12","1 Batch12","1Batch12Cage4"
"G6",6,100,34.9280733281735,33.5791358197995,"12","Pre","4-1","Cage4","1","4-1Batch12","1 Batch12","1Batch12Cage4"
"H5",6,100,432.367878502911,437.441903981297,"12","Post","4-1","Cage4","1","4-1Batch12","1 Batch12","1Batch12Cage4"
"H6",6,100,442.515929459683,437.441903981297,"12","Post","4-1","Cage4","1","4-1Batch12","1 Batch12","1Batch12Cage4"
"A7",6,100,38.3377632069158,39.7027351275049,"9","Pre","2-4","Cage2","4","2-4Batch9","4 Batch9","4Batch9Cage2"
"A8",6,100,41.067707048094,39.7027351275049,"9","Pre","2-4","Cage2","4","2-4Batch9","4 Batch9","4Batch9Cage2"
"B7",6,100,208.583377874104,205.922082177967,"9","Post","2-4","Cage2","4","2-4Batch9","4 Batch9","4Batch9Cage2"
"B8",6,100,203.260786481829,205.922082177967,"9","Post","2-4","Cage2","4","2-4Batch9","4 Batch9","4Batch9Cage2"
"C7",6,100,138.709825977194,148.746181862378,"3","Pre","1-4","Cage1","4","1-4Batch3","4 Batch3","4Batch3Cage1"
"C8",6,100,158.782537747561,148.746181862378,"3","Pre","1-4","Cage1","4","1-4Batch3","4 Batch3","4Batch3Cage1"
"D7",6,100,124.718592522243,139.233611262876,"3","Post","1-4","Cage1","4","1-4Batch3","4 Batch3","4Batch3Cage1"
"D8",6,100,153.748630003509,139.233611262876,"3","Post","1-4","Cage1","4","1-4Batch3","4 Batch3","4Batch3Cage1"
"E7",6,100,36.4771109120474,35.8110807871951,"13","Pre","2-3","Cage2","3","2-3Batch13","3 Batch13","3Batch13Cage2"
"E8",6,100,35.1450506623429,35.8110807871951,"13","Pre","2-3","Cage2","3","2-3Batch13","3 Batch13","3Batch13Cage2"
"F7",6,100,141.522328825143,139.429671340338,"13","Post","2-3","Cage2","3","2-3Batch13","3 Batch13","3Batch13Cage2"
"F8",6,100,137.337013855533,139.429671340338,"13","Post","2-3","Cage2","3","2-3Batch13","3 Batch13","3Batch13Cage2"
"G7",6,100,135.985797665972,141.708127908149,"5","Pre","3-3","Cage3","3","3-3Batch5","3 Batch5","3Batch5Cage3"
"G8",6,100,147.430458150325,141.708127908149,"5","Pre","3-3","Cage3","3","3-3Batch5","3 Batch5","3Batch5Cage3"
"H7",6,100,104.338378512242,119.497026719396,"5","Post","3-3","Cage3","3","3-3Batch5","3 Batch5","3Batch5Cage3"
"H8",6,100,134.65567492655,119.497026719396,"5","Post","3-3","Cage3","3","3-3Batch5","3 Batch5","3Batch5Cage3"
"A9",6,100,85.875851621172,86.5496194361968,"11","Pre","2-2","Cage2","2","2-2Batch11","2 Batch11","2Batch11Cage2"
"A10",6,100,87.2233872512216,86.5496194361968,"11","Pre","2-2","Cage2","2","2-2Batch11","2 Batch11","2Batch11Cage2"
"B9",6,100,487.884622685208,481.822519585533,"11","Post","2-2","Cage2","2","2-2Batch11","2 Batch11","2Batch11Cage2"
"B10",6,100,475.760416485858,481.822519585533,"11","Post","2-2","Cage2","2","2-2Batch11","2 Batch11","2Batch11Cage2"
"C9",6,100,190.917095925073,199.750236899589,"8","Pre","4-4","Cage4","4","4-4Batch8","4 Batch8","4Batch8Cage4"
"C10",6,100,208.583377874104,199.750236899589,"8","Pre","4-4","Cage4","4","4-4Batch8","4 Batch8","4Batch8Cage4"
"D9",6,100,371.771251640612,357.720202284411,"8","Post","4-4","Cage4","4","4-4Batch8","4 Batch8","4Batch8Cage4"
"D10",6,100,343.66915292821,357.720202284411,"8","Post","4-4","Cage4","4","4-4Batch8","4 Batch8","4Batch8Cage4"
"E9",6,100,36.027245889879,37.5445532430087,"6","Pre","2-4","Cage2","4","2-4Batch6","4 Batch6","4Batch6Cage2"
"E10",6,100,39.0618605961385,37.5445532430087,"6","Pre","2-4","Cage2","4","2-4Batch6","4 Batch6","4Batch6Cage2"
"F9",6,100,97.5812563856081,100.08299268902,"6","Post","2-4","Cage2","4","2-4Batch6","4 Batch6","4Batch6Cage2"
"F10",6,100,102.584728992432,100.08299268902,"6","Post","2-4","Cage2","4","2-4Batch6","4 Batch6","4Batch6Cage2"
"G9",6,100,62.7844609008191,71.7792441355616,"10","Pre","5-2","Cage5","2","5-2Batch10","2 Batch10","2Batch10Cage5"
"G10",6,100,80.774027370304,71.7792441355616,"10","Pre","5-2","Cage5","2","5-2Batch10","2 Batch10","2Batch10Cage5"
"H9",6,100,73.3550561730725,69.865464480656,"10","Post","5-2","Cage5","2","5-2Batch10","2 Batch10","2Batch10Cage5"
"H10",6,100,66.3758727882395,69.865464480656,"10","Post","5-2","Cage5","2","5-2Batch10","2 Batch10","2Batch10Cage5"
"A11",6,100,39.5529317349842,40.7011545767305,"12","Pre","3-2","Cage3","2","3-2Batch12","2 Batch12","2Batch12Cage3"
"A12",6,100,41.8493774184769,40.7011545767305,"12","Pre","3-2","Cage3","2","3-2Batch12","2 Batch12","2Batch12Cage3"
"B11",6,100,190.917095925073,202.532783107409,"12","Post","3-2","Cage3","2","3-2Batch12","2 Batch12","2Batch12Cage3"
"B12",6,100,214.148470289745,202.532783107409,"12","Post","3-2","Cage3","2","3-2Batch12","2 Batch12","2Batch12Cage3"
"C11",6,100,142.963107361534,166.940101643303,"2","Pre","1-4","Cage1","4","1-4Batch2","4 Batch2","4Batch2Cage1"
"C12",6,100,190.917095925073,166.940101643303,"2","Pre","1-4","Cage1","4","1-4Batch2","4 Batch2","4Batch2Cage1"
"D11",6,100,63.6577136334479,68.774488876823,"2","Post","1-4","Cage1","4","1-4Batch2","4 Batch2","4Batch2Cage1"
"D12",6,100,73.8912641201981,68.774488876823,"2","Post","1-4","Cage1","4","1-4Batch2","4 Batch2","4Batch2Cage1"
"E11",6,100,140.104752560054,143.767605355189,"7","Pre","5-4","Cage5","4","5-4Batch7","4 Batch7","4Batch7Cage5"
"E12",6,100,147.430458150325,143.767605355189,"7","Pre","5-4","Cage5","4","5-4Batch7","4 Batch7","4Batch7Cage5"
"F11",6,100,104.338378512242,116.937487658865,"7","Post","5-4","Cage5","4","5-4Batch7","4 Batch7","4Batch7Cage5"
"F12",6,100,129.536596805488,116.937487658865,"7","Post","5-4","Cage5","4","5-4Batch7","4 Batch7","4Batch7Cage5"
"G11",6,100,59.4440916877758,68.0497551419181,"8","Pre","1-1","Cage1","1","1-1Batch8","1 Batch8","1Batch8Cage1"
"G12",6,100,76.6554185960605,68.0497551419181,"8","Pre","1-1","Cage1","1","1-1Batch8","1 Batch8","1Batch8Cage1"
"H11",6,100,63.6577136334479,63.2210872671335,"8","Post","1-1","Cage1","1","1-1Batch8","1 Batch8","1Batch8Cage1"
"H12",6,100,62.7844609008191,63.2210872671335,"8","Post","1-1","Cage1","1","1-1Batch8","1 Batch8","1Batch8Cage1"
"D3",7,100,86.1658463923458,89.0310809697508,"14","Pre","4-4","Cage4","4","4-4Batch14","4 Batch14","4Batch14Cage4"
"D4",7,100,91.8963155471557,89.0310809697508,"14","Pre","4-4","Cage4","4","4-4Batch14","4 Batch14","4Batch14Cage4"
"E3",7,100,195.254120021488,222.126301863549,"14","Post","4-4","Cage4","4","4-4Batch14","4 Batch14","4Batch14Cage4"
"E4",7,100,248.99848370561,222.126301863549,"14","Post","4-4","Cage4","4","4-4Batch14","4 Batch14","4Batch14Cage4"
"F3",7,100,67.8449398561176,63.0719943747231,"3","Pre","4-4","Cage4","4","4-4Batch3","4 Batch3","4Batch3Cage4"
"F4",7,100,58.2990488933286,63.0719943747231,"3","Pre","4-4","Cage4","4","4-4Batch3","4 Batch3","4Batch3Cage4"
"G3",7,100,155.717531510245,149.84173663238,"3","Post","4-4","Cage4","4","4-4Batch3","4 Batch3","4Batch3Cage4"
"G4",7,100,143.965941754515,149.84173663238,"3","Post","4-4","Cage4","4","4-4Batch3","4 Batch3","4Batch3Cage4"
"H3",7,100,139.388723553087,142.469040692991,"1","Post","5-3","Cage5","3","5-3Batch1","3 Batch1","3Batch1Cage5"
"H4",7,100,145.549357832894,142.469040692991,"1","Post","5-3","Cage5","3","5-3Batch1","3 Batch1","3Batch1Cage5"
"A5",7,100,71.8532911110811,67.9980236243534,"12","Pre","2-2","Cage2","2","2-2Batch12","2 Batch12","2Batch12Cage2"
"A6",7,100,64.1427561376257,67.9980236243534,"12","Pre","2-2","Cage2","2","2-2Batch12","2 Batch12","2Batch12Cage2"
"B5",7,100,152.194573078098,145.791648315593,"12","Post","2-2","Cage2","2","2-2Batch12","2 Batch12","2Batch12Cage2"
"B6",7,100,139.388723553087,145.791648315593,"12","Post","2-2","Cage2","2","2-2Batch12","2 Batch12","2Batch12Cage2"
"C5",7,100,119.793213836782,122.788053912375,"7","Pre","4-4","Cage4","4","4-4Batch7","4 Batch7","4Batch7Cage4"
"C6",7,100,125.782893987968,122.788053912375,"7","Pre","4-4","Cage4","4","4-4Batch7","4 Batch7","4Batch7Cage4"
"D5",7,100,200.765392958614,205.173802833851,"7","Post","4-4","Cage4","4","4-4Batch7","4 Batch7","4Batch7Cage4"
"D6",7,100,209.582212709089,205.173802833851,"7","Post","4-4","Cage4","4","4-4Batch7","4 Batch7","4Batch7Cage4"
"E5",7,100,128.320096820874,133.119051753344,"5","Pre","2-1","Cage2","1","2-1Batch5","1 Batch5","1Batch5Cage2"
"E6",7,100,137.918006685814,133.119051753344,"5","Pre","2-1","Cage2","1","2-1Batch5","1 Batch5","1Batch5Cage2"
"F5",7,100,57.5230133301542,57.716166712735,"5","Post","2-1","Cage2","1","2-1Batch5","1 Batch5","1Batch5Cage2"
"F6",7,100,57.9093200953158,57.716166712735,"5","Post","2-1","Cage2","1","2-1Batch5","1 Batch5","1Batch5Cage2"
"G5",7,100,117.528504627648,115.894757274966,"2","Pre","5-2","Cage5","2","5-2Batch2","2 Batch2","2Batch2Cage5"
"G6",7,100,114.261009922283,115.894757274966,"2","Pre","5-2","Cage5","2","5-2Batch2","2 Batch2","2Batch2Cage5"
"H5",7,100,139.388723553087,145.791648315593,"2","Post","5-2","Cage5","2","5-2Batch2","2 Batch2","2Batch2Cage5"
"H6",7,100,152.194573078098,145.791648315593,"2","Post","5-2","Cage5","2","5-2Batch2","2 Batch2","2Batch2Cage5"
"A7",7,100,114.261009922283,117.027111879533,"13","Pre","4-3","Cage4","3","4-3Batch13","3 Batch13","3Batch13Cage4"
"A8",7,100,119.793213836782,117.027111879533,"13","Pre","4-3","Cage4","3","4-3Batch13","3 Batch13","3Batch13Cage4"
"B7",7,100,346.803556915149,391.078945481923,"13","Post","4-3","Cage4","3","4-3Batch13","3 Batch13","3Batch13Cage4"
"B8",7,100,435.354334048698,391.078945481923,"13","Post","4-3","Cage4","3","4-3Batch13","3 Batch13","3Batch13Cage4"
"C7",7,100,63.2608576482673,68.0843611174795,"9","Pre","4-2","Cage4","2","4-2Batch9","2 Batch9","2Batch9Cage4"
"C8",7,100,72.9078645866918,68.0843611174795,"9","Pre","4-2","Cage4","2","4-2Batch9","2 Batch9","2Batch9Cage4"
"D7",7,100,94.1975378728303,96.2176315735226,"9","Post","4-2","Cage4","2","4-2Batch9","2 Batch9","2Batch9Cage4"
"D8",7,100,98.237725274215,96.2176315735226,"9","Post","4-2","Cage4","2","4-2Batch9","2 Batch9","2Batch9Cage4"
"E7",7,100,82.2164961697305,89.8123634584627,"14","Pre","5-2","Cage5","2","5-2Batch14","2 Batch14","2Batch14Cage5"
"E8",7,100,97.4082307471949,89.8123634584627,"14","Pre","5-2","Cage5","2","5-2Batch14","2 Batch14","2Batch14Cage5"
"F7",7,100,84.8182247137264,100.075833319271,"14","Post","5-2","Cage5","2","5-2Batch14","2 Batch14","2Batch14Cage5"
"F8",7,100,115.333441924815,100.075833319271,"14","Post","5-2","Cage5","2","5-2Batch14","2 Batch14","2Batch14Cage5"
"G7",7,100,48.2345166343888,55.3149627961078,"3","Pre","2-4","Cage2","4","2-4Batch3","4 Batch3","4Batch3Cage2"
"G8",7,100,62.3954089578269,55.3149627961078,"3","Pre","2-4","Cage2","4","2-4Batch3","4 Batch3","4Batch3Cage2"
"H7",7,100,48.2345166343888,46.4693298713013,"3","Post","2-4","Cage2","4","2-4Batch3","4 Batch3","4Batch3Cage2"
"H8",7,100,44.7041431082138,46.4693298713013,"3","Post","2-4","Cage2","4","2-4Batch3","4 Batch3","4Batch3Cage2"
"A9",7,100,155.717531510245,147.553127531666,"9","Pre","3-2","Cage3","2","3-2Batch9","2 Batch9","2Batch9Cage3"
"A10",7,100,139.388723553087,147.553127531666,"9","Pre","3-2","Cage3","2","3-2Batch9","2 Batch9","2Batch9Cage3"
"B9",7,100,423.403638505531,407.261064662692,"9","Post","3-2","Cage3","2","3-2Batch9","2 Batch9","2Batch9Cage3"
"B10",7,100,391.118490819852,407.261064662692,"9","Post","3-2","Cage3","2","3-2Batch9","2 Batch9","2Batch9Cage3"
"C9",7,100,47.9278494171401,60.685671917562,"4","Pre","4-4","Cage4","4","4-4Batch4","4 Batch4","4Batch4Cage4"
"C10",7,100,73.443494417984,60.685671917562,"4","Pre","4-4","Cage4","4","4-4Batch4","4 Batch4","4Batch4Cage4"
"D9",7,100,81.5847417606549,78.6142692793386,"4","Post","4-4","Cage4","4","4-4Batch4","4 Batch4","4Batch4Cage4"
"D10",7,100,75.6437967980224,78.6142692793386,"4","Post","4-4","Cage4","4","4-4Batch4","4 Batch4","4Batch4Cage4"
"E9",7,100,91.8963155471557,98.1334293720601,"14","Pre","6-4","Cage6","4","6-4Batch14","4 Batch14","4Batch14Cage6"
"E10",7,100,104.370543196965,98.1334293720601,"14","Pre","6-4","Cage6","4","6-4Batch14","4 Batch14","4Batch14Cage6"
"F9",7,100,339.084361392788,360.241905196482,"14","Post","6-4","Cage6","4","6-4Batch14","4 Batch14","4Batch14Cage6"
"F10",7,100,381.399449000176,360.241905196482,"14","Post","6-4","Cage6","4","6-4Batch14","4 Batch14","4Batch14Cage6"
"G9",7,100,66.8921448241239,71.5504736148056,"5","Pre","5-2","Cage5","2","5-2Batch5","2 Batch5","2Batch5Cage5"
"G10",7,100,76.2088024054874,71.5504736148056,"5","Pre","5-2","Cage5","2","5-2Batch5","2 Batch5","2Batch5Cage5"
"H9",7,100,169.251006612406,178.367170855216,"5","Post","5-2","Cage5","2","5-2Batch5","2 Batch5","2Batch5Cage5"
"H10",7,100,187.483335098025,178.367170855216,"5","Post","5-2","Cage5","2","5-2Batch5","2 Batch5","2Batch5Cage5"
"A11",7,100,59.0889626826839,64.7003962956364,"11","Pre","4-1","Cage4","1","4-1Batch11","1 Batch11","1Batch11Cage4"
"A12",7,100,70.3118299085888,64.7003962956364,"11","Pre","4-1","Cage4","1","4-1Batch11","1 Batch11","1Batch11Cage4"
"B11",7,100,120.952754351843,111.755151204637,"11","Post","4-1","Cage4","1","4-1Batch11","1 Batch11","1Batch11Cage4"
"B12",7,100,102.557548057432,111.755151204637,"11","Post","4-1","Cage4","1","4-1Batch11","1 Batch11","1Batch11Cage4"
"C11",7,100,48.8550400111254,49.6523589452997,"4","Pre","1-3","Cage1","3","1-3Batch4","3 Batch4","3Batch4Cage1"
"C12",7,100,50.4496778794739,49.6523589452997,"4","Pre","1-3","Cage1","3","1-3Batch4","3 Batch4","3Batch4Cage1"
"D11",7,100,106.235347490114,122.812035521601,"4","Post","1-3","Cage1","3","1-3Batch4","3 Batch4","3Batch4Cage1"
"D12",7,100,139.388723553087,122.812035521601,"4","Post","1-3","Cage1","3","1-3Batch4","3 Batch4","3Batch4Cage1"
"E11",7,100,92.6536172206688,94.2177383180906,"6","Pre","1-2","Cage1","2","1-2Batch6","2 Batch6","2Batch6Cage1"
"E12",7,100,95.7818594155123,94.2177383180906,"6","Pre","1-2","Cage1","2","1-2Batch6","2 Batch6","2Batch6Cage1"
"F11",7,100,106.235347490114,108.687436008819,"6","Post","1-2","Cage1","2","1-2Batch6","2 Batch6","2Batch6Cage1"
"F12",7,100,111.139524527523,108.687436008819,"6","Post","1-2","Cage1","2","1-2Batch6","2 Batch6","2Batch6Cage1"
"G11",7,100,152.194573078098,161.774411318141,"12","Pre","2-1","Cage2","1","2-1Batch12","1 Batch12","1Batch12Cage2"
"G12",7,100,171.354249558183,161.774411318141,"12","Pre","2-1","Cage2","1","2-1Batch12","1 Batch12","1Batch12Cage2"
"H11",7,100,122.131017099228,127.895798954848,"12","Post","2-1","Cage2","1","2-1Batch12","1 Batch12","1Batch12Cage2"
"H12",7,100,133.660580810468,127.895798954848,"12","Post","2-1","Cage2","1","2-1Batch12","1 Batch12","1Batch12Cage2"
"D3",8,100,46.7239879455773,46.3204669545675,"13","Pre","4-2","Cage4","2","4-2Batch13","2 Batch13","2Batch13Cage4"
"D4",8,100,45.9169459635576,46.3204669545675,"13","Pre","4-2","Cage4","2","4-2Batch13","2 Batch13","2Batch13Cage4"
"E3",8,100,131.654224490407,129.264012089489,"13","Post","4-2","Cage4","2","4-2Batch13","2 Batch13","2Batch13Cage4"
"E4",8,100,126.873799688571,129.264012089489,"13","Post","4-2","Cage4","2","4-2Batch13","2 Batch13","2Batch13Cage4"
"F3",8,100,90.8173278071422,90.1546727374937,"5","Pre","1-1","Cage1","1","1-1Batch5","1 Batch5","1Batch5Cage1"
"F4",8,100,89.4920176678453,90.1546727374937,"5","Pre","1-1","Cage1","1","1-1Batch5","1 Batch5","1Batch5Cage1"
"G3",8,100,63.0840795609401,56.0207777657873,"5","Post","1-1","Cage1","1","1-1Batch5","1 Batch5","1Batch5Cage1"
"G4",8,100,48.9574759706345,56.0207777657873,"5","Post","1-1","Cage1","1","1-1Batch5","1 Batch5","1Batch5Cage1"
"H3",8,100,126.873799688571,126.299419157905,"14","Pre","1-4","Cage1","4","1-4Batch14","4 Batch14","4Batch14Cage1"
"H4",8,100,125.72503862724,126.299419157905,"14","Pre","1-4","Cage1","4","1-4Batch14","4 Batch14","4Batch14Cage1"
"A5",8,100,399.880070654563,429.161837153181,"14","Post","1-4","Cage1","4","1-4Batch14","4 Batch14","4Batch14Cage1"
"A6",8,100,458.443603651799,429.161837153181,"14","Post","1-4","Cage1","4","1-4Batch14","4 Batch14","4Batch14Cage1"
"B5",8,100,28.1357427996484,31.1995983376098,"2","Pre","1-1","Cage1","1","1-1Batch2","1 Batch2","1Batch2Cage1"
"B6",8,100,34.2634538755712,31.1995983376098,"2","Pre","1-1","Cage1","1","1-1Batch2","1 Batch2","1Batch2Cage1"
"C5",8,100,210.804103610023,215.326865571699,"2","Post","1-1","Cage1","1","1-1Batch2","1 Batch2","1Batch2Cage1"
"C6",8,100,219.849627533376,215.326865571699,"2","Post","1-1","Cage1","1","1-1Batch2","1 Batch2","1Batch2Cage1"
"D5",8,100,44.0944854353788,43.8416038286757,"13","Pre","5-2","Cage5","2","5-2Batch13","2 Batch13","2Batch13Cage5"
"D6",8,100,43.5887222219727,43.8416038286757,"13","Pre","5-2","Cage5","2","5-2Batch13","2 Batch13","2Batch13Cage5"
"E5",8,100,68.9627330550191,63.9462250013509,"13","Post","5-2","Cage5","2","5-2Batch13","2 Batch13","2Batch13Cage5"
"E6",8,100,58.9297169476827,63.9462250013509,"13","Post","5-2","Cage5","2","5-2Batch13","2 Batch13","2Batch13Cage5"
"F5",8,100,125.72503862724,122.981401918769,"8","Pre","3-3","Cage3","3","3-3Batch8","3 Batch8","3Batch8Cage3"
"F6",8,100,120.237765210298,122.981401918769,"8","Pre","3-3","Cage3","3","3-3Batch8","3 Batch8","3Batch8Cage3"
"G5",8,100,433.037856196214,427.209394635226,"8","Post","3-3","Cage3","3","3-3Batch8","3 Batch8","3Batch8Cage3"
"G6",8,100,421.380933074238,427.209394635226,"8","Post","3-3","Cage3","3","3-3Batch8","3 Batch8","3Batch8Cage3"
"H5",8,100,69.4111471398555,66.2476133503978,"10","Pre","3-1","Cage3","1","3-1Batch10","1 Batch10","1Batch10Cage3"
"H6",8,100,63.0840795609401,66.2476133503978,"10","Pre","3-1","Cage3","1","3-1Batch10","1 Batch10","1Batch10Cage3"
"A7",8,100,174.393231877599,174.393231877599,"10","Post","3-1","Cage3","1","3-1Batch10","1 Batch10","1Batch10Cage3"
"A8",8,100,174.393231877599,174.393231877599,"10","Post","3-1","Cage3","1","3-1Batch10","1 Batch10","1Batch10Cage3"
"B7",8,100,95.7054319439327,94.6333384834088,"14","Pre","3-3","Cage3","3","3-3Batch14","3 Batch14","3Batch14Cage3"
"B8",8,100,93.5612450228849,94.6333384834088,"14","Pre","3-3","Cage3","3","3-3Batch14","3 Batch14","3Batch14Cage3"
"C7",8,100,95.7054319439327,98.7630129266694,"14","Post","3-3","Cage3","3","3-3Batch14","3 Batch14","3Batch14Cage3"
"C8",8,100,101.820593909406,98.7630129266694,"14","Post","3-3","Cage3","3","3-3Batch14","3 Batch14","3Batch14Cage3"
"D7",8,100,140.810249347391,143.683519686337,"1","Post","4-2","Cage4","2","4-2Batch1","2 Batch1","2Batch1Cage4"
"D8",8,100,146.556790025283,143.683519686337,"1","Post","4-2","Cage4","2","4-2Batch1","2 Batch1","2Batch1Cage4"
"E7",8,100,105.968279643107,105.968279643107,"1","Post","2-3","Cage2","3","2-3Batch1","3 Batch1","3Batch1Cage2"
"E8",8,100,105.968279643107,105.968279643107,"1","Post","2-3","Cage2","3","2-3Batch1","3 Batch1","3Batch1Cage2"
"F7",8,100,187.446843047664,199.125473328843,"11","Pre","5-4","Cage5","4","5-4Batch11","4 Batch11","4Batch11Cage5"
"F8",8,100,210.804103610023,199.125473328843,"11","Pre","5-4","Cage5","4","5-4Batch11","4 Batch11","4Batch11Cage5"
"G7",8,100,487.097174396044,466.234204248619,"11","Post","5-4","Cage5","4","5-4Batch11","4 Batch11","4Batch11Cage5"
"G8",8,100,445.371234101193,466.234204248619,"11","Post","5-4","Cage5","4","5-4Batch11","4 Batch11","4Batch11Cage5"
"H7",8,100,97.9282836319372,100.278582376705,"6","Pre","4-1","Cage4","1","4-1Batch6","1 Batch6","1Batch6Cage4"
"H8",8,100,102.628881121473,100.278582376705,"6","Pre","4-1","Cage4","1","4-1Batch6","1 Batch6","1Batch6Cage4"
"A9",8,100,124.593926135419,123.488453766367,"6","Post","4-1","Cage4","1","4-1Batch6","1 Batch6","1Batch6Cage4"
"A10",8,100,122.382981397315,123.488453766367,"6","Post","4-1","Cage4","1","4-1Batch6","1 Batch6","1Batch6Cage4"
"B9",8,100,43.5887222219727,45.8471788226483,"10","Pre","1-4","Cage1","4","1-4Batch10","4 Batch10","4Batch10Cage1"
"B10",8,100,48.1056354233239,45.8471788226483,"10","Pre","1-4","Cage1","4","1-4Batch10","4 Batch10","4Batch10Cage1"
"C9",8,100,202.437156028693,225.229469355862,"10","Post","1-4","Cage1","4","1-4Batch10","4 Batch10","4Batch10Cage1"
"C10",8,100,248.02178268303,225.229469355862,"10","Post","1-4","Cage1","4","1-4Batch10","4 Batch10","4Batch10Cage1"
"D9",8,100,45.1257186829652,49.3114984595813,"4","Pre","2-1","Cage2","1","2-1Batch4","1 Batch4","1Batch4Cage2"
"D10",8,100,53.4972782361975,49.3114984595813,"4","Pre","2-1","Cage2","1","2-1Batch4","1 Batch4","1Batch4Cage2"
"E9",8,100,142.209262592914,166.004325957717,"4","Post","2-1","Cage2","1","2-1Batch4","1 Batch4","1Batch4Cage2"
"E10",8,100,189.799389322521,166.004325957717,"4","Post","2-1","Cage2","1","2-1Batch4","1 Batch4","1Batch4Cage2"
